<?xml version="1.0" encoding="UTF-8"?>
<project-private xmlns="http://www.netbeans.org/ns/project-private/1">
    <editor-bookmarks xmlns="http://www.netbeans.org/ns/editor-bookmarks/2" lastBookmarkId="0"/>
    <open-files xmlns="http://www.netbeans.org/ns/projectui-open-files/2">
        <group>
            <file>file:/C:/Users/Filippo/Desktop/UNIVERSITÀ/CORSI/SECONDO%20SEMESTRE/PROGRAMMAZIONE%20A%20OGGETTI/ES%20Esami/Miei%20esami/Settembre2019/src/it/unitn/disi/latemar/MOD1/RONCHETTI/DANIOTTI/Main.java</file>
            <file>file:/C:/Users/Filippo/Desktop/UNIVERSITÀ/CORSI/SECONDO%20SEMESTRE/PROGRAMMAZIONE%20A%20OGGETTI/ES%20Esami/Miei%20esami/Settembre2019/src/it/unitn/disi/latemar/MOD1/RONCHETTI/DANIOTTI/Casella.java</file>
            <file>file:/C:/Users/Filippo/Desktop/UNIVERSITÀ/CORSI/SECONDO%20SEMESTRE/PROGRAMMAZIONE%20A%20OGGETTI/ES%20Esami/Miei%20esami/Settembre2019/src/it/unitn/disi/latemar/MOD1/RONCHETTI/DANIOTTI/Casella3Btn.java</file>
            <file>file:/C:/Users/Filippo/Desktop/UNIVERSITÀ/CORSI/SECONDO%20SEMESTRE/PROGRAMMAZIONE%20A%20OGGETTI/ES%20Esami/Miei%20esami/Settembre2019/src/it/unitn/disi/latemar/MOD1/RONCHETTI/DANIOTTI/Figure.java</file>
            <file>file:/C:/Users/Filippo/Desktop/UNIVERSITÀ/CORSI/SECONDO%20SEMESTRE/PROGRAMMAZIONE%20A%20OGGETTI/ES%20Esami/Miei%20esami/Settembre2019/src/it/unitn/disi/latemar/MOD1/RONCHETTI/DANIOTTI/CasellaGrid.java</file>
            <file>file:/C:/Users/Filippo/Desktop/UNIVERSITÀ/CORSI/SECONDO%20SEMESTRE/PROGRAMMAZIONE%20A%20OGGETTI/ES%20Esami/Miei%20esami/Settembre2019/src/it/unitn/disi/latemar/MOD1/RONCHETTI/DANIOTTI/Commons.java</file>
            <file>file:/C:/Users/Filippo/Desktop/UNIVERSITÀ/CORSI/SECONDO%20SEMESTRE/PROGRAMMAZIONE%20A%20OGGETTI/ES%20Esami/Miei%20esami/Settembre2019/src/it/unitn/disi/latemar/MOD1/RONCHETTI/DANIOTTI/Casella2Btn.java</file>
        </group>
    </open-files>
</project-private>
